predicted trait,actual trait
3.000004291534424,3.0
6.000008583068848,6.0
9.000012397766113,9.0
5.99998664855957,6.0
9.999942779541016,10.0
110.00007629394531,110.0
